{"cameraMode":{"drawMode":0,"name":"Shaded","section":"Shading Mode"},"sceneLighting":false,"audioPlay":false,"sceneViewState":{"m_AlwaysRefresh":false,"showFog":true,"showSkybox":true,"showFlares":true,"showImageEffects":true,"showParticleSystems":true,"showVisualEffectGraphs":true,"m_FxEnabled":true},"in2DMode":false,"pivot":{"x":7.423788547515869,"y":-0.012274726293981076,"z":25.78204345703125},"rotation":{"x":-0.034772053360939029,"y":0.041376687586307529,"z":-0.0014591100625693799,"w":-0.9985554814338684},"size":18.186532974243165,"orthographic":false}