{"cameraMode":{"drawMode":0,"name":"Shaded","section":"Shading Mode"},"sceneLighting":false,"audioPlay":false,"sceneViewState":{"m_AlwaysRefresh":false,"showFog":true,"showSkybox":false,"showFlares":true,"showImageEffects":true,"showParticleSystems":true,"showVisualEffectGraphs":true,"m_FxEnabled":true},"in2DMode":false,"pivot":{"x":-0.963458776473999,"y":4.515000343322754,"z":1.7251129150390626},"rotation":{"x":-0.027230774983763696,"y":-0.07430655509233475,"z":0.0020318313036113979,"w":-0.9968709349632263},"size":0.7081030607223511,"orthographic":false}