{"cameraMode":{"drawMode":0,"name":"Shaded","section":"Shading Mode"},"sceneLighting":true,"audioPlay":false,"sceneViewState":{"m_AlwaysRefresh":false,"showFog":true,"showSkybox":true,"showFlares":true,"showImageEffects":true,"showParticleSystems":true,"showVisualEffectGraphs":true,"m_FxEnabled":true},"in2DMode":false,"pivot":{"x":-3.8338472843170168,"y":1.4651093482971192,"z":1.2993403673171998},"rotation":{"x":0.030251644551753999,"y":-0.7932289242744446,"z":0.039547160267829898,"w":0.606922447681427},"size":1.2247449159622193,"orthographic":false}